,scr_num,date_time,trd_px,trd_vol,trd_amt,trd_clas,buy_num,sell_num,trd_index,channel_no,biz_index
0,000001.XSHE,2023-11-22 09:15:00.030,0.0,100,0.0,4,2332,0,2334,2012,0
1,000001.XSHE,2023-11-22 09:15:00.160,0.0,10700,0.0,4,41191,0,41224,2012,0
2,000001.XSHE,2023-11-22 09:15:00.520,0.0,16700,0.0,4,0,86900,86901,2012,0
3,000001.XSHE,2023-11-22 09:15:00.590,0.0,3500,0.0,4,80122,0,93987,2012,0
4,000001.XSHE,2023-11-22 09:15:01.370,0.0,100,0.0,4,142720,0,144091,2012,0
5,000001.XSHE,2023-11-22 09:15:01.380,0.0,100,0.0,4,142794,0,144159,2012,0
6,000001.XSHE,2023-11-22 09:15:01.420,0.0,100,0.0,4,135005,0,145953,2012,0
7,000001.XSHE,2023-11-22 09:15:01.680,0.0,1000,0.0,4,54678,0,159237,2012,0
8,000001.XSHE,2023-11-22 09:15:01.710,0.0,100,0.0,4,133211,0,160414,2012,0
9,000001.XSHE,2023-11-22 09:15:01.710,0.0,100,0.0,4,136857,0,160467,2012,0
10,000001.XSHE,2023-11-22 09:15:02.260,0.0,3000,0.0,4,181536,0,181537,2012,0
11,000001.XSHE,2023-11-22 09:15:02.450,0.0,100,0.0,4,287,0,186801,2012,0
12,000001.XSHE,2023-11-22 09:15:02.460,0.0,100,0.0,4,155269,0,187074,2012,0
13,000001.XSHE,2023-11-22 09:15:02.460,0.0,100,0.0,4,155270,0,187075,2012,0
14,000001.XSHE,2023-11-22 09:15:02.510,0.0,100,0.0,4,154968,0,188949,2012,0
15,000001.XSHE,2023-11-22 09:15:02.510,0.0,100,0.0,4,154967,0,188950,2012,0
16,000001.XSHE,2023-11-22 09:15:02.560,0.0,100,0.0,4,138694,0,190552,2012,0
17,000001.XSHE,2023-11-22 09:15:02.560,0.0,100,0.0,4,140857,0,190576,2012,0
18,000001.XSHE,2023-11-22 09:15:02.560,0.0,100,0.0,4,143284,0,190578,2012,0
19,000001.XSHE,2023-11-22 09:15:02.560,0.0,100,0.0,4,145091,0,190598,2012,0
20,000001.XSHE,2023-11-22 09:15:02.620,0.0,100,0.0,4,177227,0,193034,2012,0
21,000001.XSHE,2023-11-22 09:15:03.130,0.0,1000,0.0,4,206505,0,206511,2012,0
22,000001.XSHE,2023-11-22 09:15:03.510,0.0,50000,0.0,4,89512,0,212768,2012,0
23,000001.XSHE,2023-11-22 09:15:04.020,0.0,1000,0.0,4,221813,0,221815,2012,0
24,000001.XSHE,2023-11-22 09:15:04.490,0.0,100,0.0,4,226130,0,226133,2012,0
25,000001.XSHE,2023-11-22 09:15:04.640,0.0,100,0.0,4,227610,0,227611,2012,0
26,000001.XSHE,2023-11-22 09:15:05.590,0.0,100,0.0,4,150997,0,234382,2012,0
27,000001.XSHE,2023-11-22 09:15:05.600,0.0,100,0.0,4,151637,0,234412,2012,0
28,000001.XSHE,2023-11-22 09:15:05.620,0.0,100,0.0,4,232227,0,234491,2012,0
29,000001.XSHE,2023-11-22 09:15:05.640,0.0,100,0.0,4,152533,0,234588,2012,0
30,000001.XSHE,2023-11-22 09:15:05.780,0.0,100,0.0,4,158786,0,234958,2012,0
31,000001.XSHE,2023-11-22 09:15:06.240,0.0,100,0.0,4,142979,0,236547,2012,0
32,000001.XSHE,2023-11-22 09:15:08.620,0.0,100,0.0,4,239941,0,240467,2012,0
33,000001.XSHE,2023-11-22 09:15:10.000,0.0,100,0.0,4,241539,0,241544,2012,0
34,000001.XSHE,2023-11-22 09:15:10.000,0.0,200,0.0,4,241540,0,241545,2012,0
35,000001.XSHE,2023-11-22 09:15:10.000,0.0,100,0.0,4,241542,0,241546,2012,0
36,000001.XSHE,2023-11-22 09:15:10.000,0.0,200,0.0,4,241543,0,241547,2012,0
37,000001.XSHE,2023-11-22 09:15:11.240,0.0,100,0.0,4,241947,0,242372,2012,0
38,000001.XSHE,2023-11-22 09:15:11.620,0.0,100,0.0,4,242330,0,242670,2012,0
39,000001.XSHE,2023-11-22 09:15:12.010,0.0,100,0.0,4,165192,0,242871,2012,0
40,000001.XSHE,2023-11-22 09:15:14.620,0.0,100,0.0,4,243567,0,243709,2012,0
41,000001.XSHE,2023-11-22 09:15:17.200,0.0,100,0.0,4,3422,0,244513,2012,0
42,000001.XSHE,2023-11-22 09:15:17.620,0.0,100,0.0,4,244495,0,244579,2012,0
43,000001.XSHE,2023-11-22 09:15:18.260,0.0,100,0.0,4,848,0,244677,2012,0
44,000001.XSHE,2023-11-22 09:15:20.620,0.0,100,0.0,4,245072,0,245143,2012,0
45,000001.XSHE,2023-11-22 09:15:22.110,0.0,100,0.0,4,191,0,245472,2012,0
46,000001.XSHE,2023-11-22 09:15:23.620,0.0,100,0.0,4,245686,0,245783,2012,0
47,000001.XSHE,2023-11-22 09:15:26.620,0.0,100,0.0,4,246296,0,246400,2012,0
48,000001.XSHE,2023-11-22 09:15:26.680,0.0,100,0.0,4,244492,0,246406,2012,0
49,000001.XSHE,2023-11-22 09:15:29.620,0.0,100,0.0,4,246756,0,246822,2012,0
50,000001.XSHE,2023-11-22 09:15:32.200,0.0,100,0.0,4,243023,0,247270,2012,0
51,000001.XSHE,2023-11-22 09:15:32.210,0.0,100,0.0,4,242995,0,247271,2012,0
52,000001.XSHE,2023-11-22 09:15:32.620,0.0,100,0.0,4,247256,0,247342,2012,0
53,000001.XSHE,2023-11-22 09:15:33.080,0.0,100,0.0,4,243213,0,247389,2012,0
54,000001.XSHE,2023-11-22 09:15:33.090,0.0,100,0.0,4,243375,0,247392,2012,0
55,000001.XSHE,2023-11-22 09:15:33.090,0.0,100,0.0,4,243160,0,247393,2012,0
56,000001.XSHE,2023-11-22 09:15:33.100,0.0,100,0.0,4,243121,0,247394,2012,0
57,000001.XSHE,2023-11-22 09:15:33.100,0.0,100,0.0,4,243126,0,247395,2012,0
58,000001.XSHE,2023-11-22 09:15:33.100,0.0,100,0.0,4,243125,0,247397,2012,0
59,000001.XSHE,2023-11-22 09:15:33.110,0.0,100,0.0,4,243219,0,247401,2012,0
60,000001.XSHE,2023-11-22 09:15:33.120,0.0,100,0.0,4,243215,0,247405,2012,0
61,000001.XSHE,2023-11-22 09:15:33.120,0.0,100,0.0,4,243153,0,247406,2012,0
62,000001.XSHE,2023-11-22 09:15:33.120,0.0,100,0.0,4,243152,0,247407,2012,0
63,000001.XSHE,2023-11-22 09:15:33.140,0.0,100,0.0,4,243214,0,247415,2012,0
64,000001.XSHE,2023-11-22 09:15:33.160,0.0,100,0.0,4,243222,0,247419,2012,0
65,000001.XSHE,2023-11-22 09:15:33.190,0.0,100,0.0,4,243246,0,247429,2012,0
66,000001.XSHE,2023-11-22 09:15:33.190,0.0,100,0.0,4,243229,0,247430,2012,0
67,000001.XSHE,2023-11-22 09:15:33.350,0.0,100,0.0,4,243336,0,247472,2012,0
68,000001.XSHE,2023-11-22 09:15:33.350,0.0,100,0.0,4,243293,0,247473,2012,0
69,000001.XSHE,2023-11-22 09:15:33.380,0.0,100,0.0,4,243335,0,247492,2012,0
70,000001.XSHE,2023-11-22 09:15:33.410,0.0,100,0.0,4,243347,0,247521,2012,0
71,000001.XSHE,2023-11-22 09:15:33.410,0.0,100,0.0,4,243312,0,247522,2012,0
72,000001.XSHE,2023-11-22 09:15:33.420,0.0,100,0.0,4,243346,0,247532,2012,0
73,000001.XSHE,2023-11-22 09:15:33.420,0.0,100,0.0,4,243358,0,247533,2012,0
74,000001.XSHE,2023-11-22 09:15:33.420,0.0,100,0.0,4,243345,0,247534,2012,0
75,000001.XSHE,2023-11-22 09:15:33.520,0.0,100,0.0,4,243395,0,247554,2012,0
76,000001.XSHE,2023-11-22 09:15:33.770,0.0,100,0.0,4,243583,0,247589,2012,0
77,000001.XSHE,2023-11-22 09:15:33.780,0.0,100,0.0,4,243536,0,247591,2012,0
78,000001.XSHE,2023-11-22 09:15:33.810,0.0,100,0.0,4,243538,0,247598,2012,0
79,000001.XSHE,2023-11-22 09:15:33.810,0.0,100,0.0,4,243392,0,247600,2012,0
80,000001.XSHE,2023-11-22 09:15:33.830,0.0,100,0.0,4,243534,0,247602,2012,0
81,000001.XSHE,2023-11-22 09:15:33.880,0.0,100,0.0,4,243468,0,247610,2012,0
82,000001.XSHE,2023-11-22 09:15:33.900,0.0,100,0.0,4,243528,0,247613,2012,0
83,000001.XSHE,2023-11-22 09:15:33.940,0.0,100,0.0,4,243530,0,247617,2012,0
84,000001.XSHE,2023-11-22 09:15:33.940,0.0,100,0.0,4,243464,0,247618,2012,0
85,000001.XSHE,2023-11-22 09:15:33.960,0.0,100,0.0,4,243533,0,247621,2012,0
86,000001.XSHE,2023-11-22 09:15:33.970,0.0,100,0.0,4,243537,0,247624,2012,0
87,000001.XSHE,2023-11-22 09:15:34.000,0.0,100,0.0,4,243529,0,247628,2012,0
88,000001.XSHE,2023-11-22 09:15:34.010,0.0,100,0.0,4,243544,0,247631,2012,0
89,000001.XSHE,2023-11-22 09:15:34.010,0.0,100,0.0,4,243466,0,247632,2012,0
90,000001.XSHE,2023-11-22 09:15:34.010,0.0,100,0.0,4,243543,0,247633,2012,0
91,000001.XSHE,2023-11-22 09:15:34.030,0.0,100,0.0,4,243553,0,247635,2012,0
92,000001.XSHE,2023-11-22 09:15:34.040,0.0,100,0.0,4,243470,0,247636,2012,0
93,000001.XSHE,2023-11-22 09:15:34.060,0.0,100,0.0,4,243565,0,247641,2012,0
94,000001.XSHE,2023-11-22 09:15:34.120,0.0,100,0.0,4,243527,0,247664,2012,0
95,000001.XSHE,2023-11-22 09:15:34.150,0.0,100,0.0,4,244091,0,247673,2012,0
96,000001.XSHE,2023-11-22 09:15:34.380,0.0,100,0.0,4,243701,0,247770,2012,0
97,000001.XSHE,2023-11-22 09:15:34.690,0.0,100,0.0,4,243670,0,247831,2012,0
98,000001.XSHE,2023-11-22 09:15:34.700,0.0,100,0.0,4,243700,0,247834,2012,0
99,000001.XSHE,2023-11-22 09:15:34.710,0.0,100,0.0,4,243703,0,247835,2012,0
100,000001.XSHE,2023-11-22 09:15:34.710,0.0,100,0.0,4,243750,0,247836,2012,0
101,000001.XSHE,2023-11-22 09:15:34.710,0.0,100,0.0,4,243704,0,247837,2012,0
102,000001.XSHE,2023-11-22 09:15:34.710,0.0,100,0.0,4,243674,0,247838,2012,0
103,000001.XSHE,2023-11-22 09:15:34.710,0.0,100,0.0,4,243705,0,247839,2012,0
104,000001.XSHE,2023-11-22 09:15:34.710,0.0,100,0.0,4,244935,0,247841,2012,0
105,000001.XSHE,2023-11-22 09:15:34.730,0.0,100,0.0,4,243634,0,247842,2012,0
106,000001.XSHE,2023-11-22 09:15:34.740,0.0,100,0.0,4,243626,0,247847,2012,0
107,000001.XSHE,2023-11-22 09:15:34.750,0.0,100,0.0,4,243672,0,247852,2012,0
108,000001.XSHE,2023-11-22 09:15:34.750,0.0,100,0.0,4,243696,0,247854,2012,0
109,000001.XSHE,2023-11-22 09:15:34.760,0.0,100,0.0,4,243698,0,247856,2012,0
110,000001.XSHE,2023-11-22 09:15:34.760,0.0,100,0.0,4,243716,0,247857,2012,0
111,000001.XSHE,2023-11-22 09:15:34.760,0.0,100,0.0,4,243732,0,247862,2012,0
112,000001.XSHE,2023-11-22 09:15:34.770,0.0,100,0.0,4,243733,0,247863,2012,0
113,000001.XSHE,2023-11-22 09:15:34.780,0.0,100,0.0,4,243688,0,247870,2012,0
114,000001.XSHE,2023-11-22 09:15:34.780,0.0,100,0.0,4,243687,0,247871,2012,0
115,000001.XSHE,2023-11-22 09:15:34.800,0.0,100,0.0,4,243693,0,247876,2012,0
116,000001.XSHE,2023-11-22 09:15:34.980,0.0,100,0.0,4,243712,0,247903,2012,0
117,000001.XSHE,2023-11-22 09:15:35.610,0.0,100,0.0,4,243564,0,248036,2012,0
118,000001.XSHE,2023-11-22 09:15:35.610,0.0,100,0.0,4,243587,0,248037,2012,0
119,000001.XSHE,2023-11-22 09:15:35.610,0.0,100,0.0,4,243598,0,248038,2012,0
120,000001.XSHE,2023-11-22 09:15:35.620,0.0,100,0.0,4,247936,0,248039,2012,0
121,000001.XSHE,2023-11-22 09:15:35.620,0.0,100,0.0,4,243669,0,248040,2012,0
122,000001.XSHE,2023-11-22 09:15:35.620,0.0,100,0.0,4,243684,0,248041,2012,0
123,000001.XSHE,2023-11-22 09:15:35.620,0.0,100,0.0,4,243686,0,248043,2012,0
124,000001.XSHE,2023-11-22 09:15:35.620,0.0,100,0.0,4,243708,0,248044,2012,0
125,000001.XSHE,2023-11-22 09:15:35.620,0.0,100,0.0,4,243728,0,248045,2012,0
126,000001.XSHE,2023-11-22 09:15:35.650,0.0,100,0.0,4,243923,0,248050,2012,0
127,000001.XSHE,2023-11-22 09:15:35.650,0.0,100,0.0,4,243937,0,248051,2012,0
128,000001.XSHE,2023-11-22 09:15:35.650,0.0,100,0.0,4,243940,0,248052,2012,0
129,000001.XSHE,2023-11-22 09:15:35.650,0.0,100,0.0,4,243730,0,248054,2012,0
130,000001.XSHE,2023-11-22 09:15:35.660,0.0,100,0.0,4,243994,0,248055,2012,0
131,000001.XSHE,2023-11-22 09:15:35.660,0.0,100,0.0,4,243682,0,248056,2012,0
132,000001.XSHE,2023-11-22 09:15:35.660,0.0,100,0.0,4,244015,0,248057,2012,0
133,000001.XSHE,2023-11-22 09:15:35.660,0.0,100,0.0,4,244008,0,248058,2012,0
134,000001.XSHE,2023-11-22 09:15:35.660,0.0,100,0.0,4,243904,0,248059,2012,0
135,000001.XSHE,2023-11-22 09:15:35.670,0.0,100,0.0,4,243623,0,248060,2012,0
136,000001.XSHE,2023-11-22 09:15:35.670,0.0,100,0.0,4,243825,0,248061,2012,0
137,000001.XSHE,2023-11-22 09:15:35.670,0.0,100,0.0,4,243738,0,248064,2012,0
138,000001.XSHE,2023-11-22 09:15:35.670,0.0,100,0.0,4,243890,0,248065,2012,0
139,000001.XSHE,2023-11-22 09:15:35.670,0.0,100,0.0,4,243965,0,248066,2012,0
140,000001.XSHE,2023-11-22 09:15:35.680,0.0,100,0.0,4,243832,0,248068,2012,0
141,000001.XSHE,2023-11-22 09:15:35.700,0.0,100,0.0,4,243741,0,248069,2012,0
142,000001.XSHE,2023-11-22 09:15:35.710,0.0,100,0.0,4,243801,0,248071,2012,0
143,000001.XSHE,2023-11-22 09:15:35.710,0.0,100,0.0,4,243718,0,248072,2012,0
144,000001.XSHE,2023-11-22 09:15:35.720,0.0,100,0.0,4,243889,0,248082,2012,0
145,000001.XSHE,2023-11-22 09:15:35.750,0.0,100,0.0,4,243908,0,248090,2012,0
146,000001.XSHE,2023-11-22 09:15:35.750,0.0,100,0.0,4,244002,0,248091,2012,0
147,000001.XSHE,2023-11-22 09:15:35.770,0.0,100,0.0,4,243811,0,248093,2012,0
148,000001.XSHE,2023-11-22 09:15:35.780,0.0,100,0.0,4,243813,0,248094,2012,0
149,000001.XSHE,2023-11-22 09:15:35.820,0.0,100,0.0,4,243877,0,248102,2012,0
150,000001.XSHE,2023-11-22 09:15:38.620,0.0,100,0.0,4,248554,0,248658,2012,0
151,000001.XSHE,2023-11-22 09:15:41.620,0.0,100,0.0,4,249100,0,249205,2012,0
152,000001.XSHE,2023-11-22 09:15:44.080,0.0,100,0.0,4,247616,0,249672,2012,0
153,000001.XSHE,2023-11-22 09:15:44.090,0.0,100,0.0,4,247242,0,249683,2012,0
154,000001.XSHE,2023-11-22 09:15:44.160,0.0,100,0.0,4,247620,0,249708,2012,0
155,000001.XSHE,2023-11-22 09:15:44.170,0.0,100,0.0,4,247642,0,249718,2012,0
156,000001.XSHE,2023-11-22 09:15:44.180,0.0,100,0.0,4,247705,0,249720,2012,0
157,000001.XSHE,2023-11-22 09:15:44.180,0.0,100,0.0,4,247639,0,249721,2012,0
158,000001.XSHE,2023-11-22 09:15:44.180,0.0,100,0.0,4,247650,0,249725,2012,0
159,000001.XSHE,2023-11-22 09:15:44.180,0.0,100,0.0,4,247646,0,249726,2012,0
160,000001.XSHE,2023-11-22 09:15:44.180,0.0,100,0.0,4,247649,0,249727,2012,0
161,000001.XSHE,2023-11-22 09:15:44.190,0.0,100,0.0,4,247372,0,249733,2012,0
162,000001.XSHE,2023-11-22 09:15:44.190,0.0,100,0.0,4,247652,0,249734,2012,0
163,000001.XSHE,2023-11-22 09:15:44.200,0.0,100,0.0,4,247684,0,249737,2012,0
164,000001.XSHE,2023-11-22 09:15:44.200,0.0,100,0.0,4,247651,0,249739,2012,0
165,000001.XSHE,2023-11-22 09:15:44.220,0.0,100,0.0,4,247679,0,249743,2012,0
166,000001.XSHE,2023-11-22 09:15:44.220,0.0,100,0.0,4,247643,0,249744,2012,0
167,000001.XSHE,2023-11-22 09:15:44.230,0.0,100,0.0,4,247700,0,249748,2012,0
168,000001.XSHE,2023-11-22 09:15:44.240,0.0,100,0.0,4,247699,0,249751,2012,0
169,000001.XSHE,2023-11-22 09:15:44.250,0.0,100,0.0,4,247734,0,249754,2012,0
170,000001.XSHE,2023-11-22 09:15:44.250,0.0,100,0.0,4,247638,0,249755,2012,0
171,000001.XSHE,2023-11-22 09:15:44.260,0.0,100,0.0,4,247696,0,249756,2012,0
172,000001.XSHE,2023-11-22 09:15:44.260,0.0,100,0.0,4,247712,0,249757,2012,0
173,000001.XSHE,2023-11-22 09:15:44.260,0.0,100,0.0,4,247713,0,249758,2012,0
174,000001.XSHE,2023-11-22 09:15:44.270,0.0,100,0.0,4,247777,0,249761,2012,0
175,000001.XSHE,2023-11-22 09:15:44.290,0.0,100,0.0,4,247754,0,249767,2012,0
176,000001.XSHE,2023-11-22 09:15:44.290,0.0,100,0.0,4,247657,0,249768,2012,0
177,000001.XSHE,2023-11-22 09:15:44.290,0.0,100,0.0,4,247694,0,249769,2012,0
178,000001.XSHE,2023-11-22 09:15:44.300,0.0,100,0.0,4,247697,0,249770,2012,0
179,000001.XSHE,2023-11-22 09:15:44.300,0.0,100,0.0,4,247698,0,249771,2012,0
180,000001.XSHE,2023-11-22 09:15:44.300,0.0,100,0.0,4,247695,0,249772,2012,0
181,000001.XSHE,2023-11-22 09:15:44.300,0.0,100,0.0,4,247676,0,249773,2012,0
182,000001.XSHE,2023-11-22 09:15:44.300,0.0,100,0.0,4,247768,0,249774,2012,0
183,000001.XSHE,2023-11-22 09:15:44.300,0.0,100,0.0,4,247711,0,249775,2012,0
184,000001.XSHE,2023-11-22 09:15:44.360,0.0,100,0.0,4,249007,0,249787,2012,0
185,000001.XSHE,2023-11-22 09:15:44.370,0.0,100,0.0,4,247778,0,249790,2012,0
186,000001.XSHE,2023-11-22 09:15:44.440,0.0,100,0.0,4,247796,0,249799,2012,0
187,000001.XSHE,2023-11-22 09:15:44.460,0.0,100,0.0,4,249778,0,249802,2012,0
188,000001.XSHE,2023-11-22 09:15:44.620,0.0,100,0.0,4,249695,0,249827,2012,0
189,000001.XSHE,2023-11-22 09:15:44.710,0.0,100,0.0,4,247827,0,249844,2012,0
190,000001.XSHE,2023-11-22 09:15:44.720,0.0,100,0.0,4,247824,0,249845,2012,0
191,000001.XSHE,2023-11-22 09:15:44.720,0.0,100,0.0,4,247825,0,249847,2012,0
192,000001.XSHE,2023-11-22 09:15:44.730,0.0,100,0.0,4,247584,0,249849,2012,0
193,000001.XSHE,2023-11-22 09:15:44.740,0.0,100,0.0,4,247818,0,249851,2012,0
194,000001.XSHE,2023-11-22 09:15:44.740,0.0,100,0.0,4,247833,0,249852,2012,0
195,000001.XSHE,2023-11-22 09:15:44.740,0.0,100,0.0,4,247832,0,249854,2012,0
196,000001.XSHE,2023-11-22 09:15:44.750,0.0,100,0.0,4,247849,0,249856,2012,0
197,000001.XSHE,2023-11-22 09:15:44.750,0.0,100,0.0,4,247853,0,249858,2012,0
198,000001.XSHE,2023-11-22 09:15:44.770,0.0,100,0.0,4,247877,0,249863,2012,0
199,000001.XSHE,2023-11-22 09:15:44.860,0.0,100,0.0,4,249810,0,249877,2012,0
200,000001.XSHE,2023-11-22 09:15:45.100,0.0,100,0.0,4,247925,0,249926,2012,0
201,000001.XSHE,2023-11-22 09:15:45.100,0.0,100,0.0,4,247926,0,249928,2012,0
202,000001.XSHE,2023-11-22 09:15:45.100,0.0,100,0.0,4,247927,0,249929,2012,0
203,000001.XSHE,2023-11-22 09:15:45.130,0.0,100,0.0,4,247943,0,249938,2012,0
204,000001.XSHE,2023-11-22 09:15:45.150,0.0,100,0.0,4,247910,0,249942,2012,0
205,000001.XSHE,2023-11-22 09:15:45.150,0.0,100,0.0,4,247906,0,249943,2012,0
206,000001.XSHE,2023-11-22 09:15:45.150,0.0,100,0.0,4,247908,0,249944,2012,0
207,000001.XSHE,2023-11-22 09:15:45.150,0.0,100,0.0,4,247907,0,249946,2012,0
208,000001.XSHE,2023-11-22 09:15:45.160,0.0,100,0.0,4,247947,0,249948,2012,0
209,000001.XSHE,2023-11-22 09:15:45.160,0.0,100,0.0,4,247667,0,249950,2012,0
210,000001.XSHE,2023-11-22 09:15:45.160,0.0,100,0.0,4,247948,0,249951,2012,0
211,000001.XSHE,2023-11-22 09:15:45.170,0.0,100,0.0,4,247905,0,249952,2012,0
212,000001.XSHE,2023-11-22 09:15:45.170,0.0,100,0.0,4,247949,0,249953,2012,0
213,000001.XSHE,2023-11-22 09:15:45.170,0.0,100,0.0,4,247904,0,249955,2012,0
214,000001.XSHE,2023-11-22 09:15:45.170,0.0,100,0.0,4,247909,0,249957,2012,0
215,000001.XSHE,2023-11-22 09:15:45.200,0.0,100,0.0,4,247451,0,249969,2012,0
216,000001.XSHE,2023-11-22 09:15:45.220,0.0,100,0.0,4,247424,0,249974,2012,0
217,000001.XSHE,2023-11-22 09:15:45.230,0.0,100,0.0,4,247439,0,249976,2012,0
218,000001.XSHE,2023-11-22 09:15:45.240,0.0,100,0.0,4,247252,0,249987,2012,0
219,000001.XSHE,2023-11-22 09:15:45.240,0.0,100,0.0,4,247455,0,249989,2012,0
220,000001.XSHE,2023-11-22 09:15:45.250,0.0,100,0.0,4,247461,0,249990,2012,0
221,000001.XSHE,2023-11-22 09:15:45.250,0.0,100,0.0,4,247459,0,249991,2012,0
222,000001.XSHE,2023-11-22 09:15:45.250,0.0,100,0.0,4,247449,0,249992,2012,0
223,000001.XSHE,2023-11-22 09:15:45.250,0.0,100,0.0,4,247460,0,249994,2012,0
224,000001.XSHE,2023-11-22 09:15:45.270,0.0,100,0.0,4,247952,0,250000,2012,0
225,000001.XSHE,2023-11-22 09:15:45.290,0.0,100,0.0,4,247458,0,250005,2012,0
226,000001.XSHE,2023-11-22 09:15:45.290,0.0,100,0.0,4,247450,0,250006,2012,0
227,000001.XSHE,2023-11-22 09:15:45.290,0.0,100,0.0,4,247462,0,250007,2012,0
228,000001.XSHE,2023-11-22 09:15:45.300,0.0,100,0.0,4,247452,0,250010,2012,0
229,000001.XSHE,2023-11-22 09:15:45.320,0.0,100,0.0,4,247443,0,250017,2012,0
230,000001.XSHE,2023-11-22 09:15:45.370,0.0,100,0.0,4,247448,0,250027,2012,0
231,000001.XSHE,2023-11-22 09:15:45.370,0.0,100,0.0,4,247469,0,250028,2012,0
232,000001.XSHE,2023-11-22 09:15:45.390,0.0,100,0.0,4,247410,0,250039,2012,0
233,000001.XSHE,2023-11-22 09:15:45.700,0.0,100,0.0,4,248081,0,250094,2012,0
234,000001.XSHE,2023-11-22 09:15:45.710,0.0,100,0.0,4,248047,0,250095,2012,0
235,000001.XSHE,2023-11-22 09:15:45.710,0.0,100,0.0,4,248046,0,250098,2012,0
236,000001.XSHE,2023-11-22 09:15:45.720,0.0,100,0.0,4,247846,0,250100,2012,0
237,000001.XSHE,2023-11-22 09:15:45.720,0.0,100,0.0,4,248042,0,250101,2012,0
238,000001.XSHE,2023-11-22 09:15:45.720,0.0,100,0.0,4,248080,0,250102,2012,0
239,000001.XSHE,2023-11-22 09:15:46.250,0.0,100,0.0,4,247707,0,250267,2012,0
240,000001.XSHE,2023-11-22 09:15:46.250,0.0,100,0.0,4,248187,0,250268,2012,0
241,000001.XSHE,2023-11-22 09:15:46.250,0.0,100,0.0,4,247671,0,250269,2012,0
242,000001.XSHE,2023-11-22 09:15:46.250,0.0,100,0.0,4,247706,0,250270,2012,0
243,000001.XSHE,2023-11-22 09:15:46.260,0.0,100,0.0,4,247717,0,250271,2012,0
244,000001.XSHE,2023-11-22 09:15:46.260,0.0,100,0.0,4,248076,0,250273,2012,0
245,000001.XSHE,2023-11-22 09:15:46.260,0.0,100,0.0,4,248123,0,250274,2012,0
246,000001.XSHE,2023-11-22 09:15:46.260,0.0,100,0.0,4,248078,0,250275,2012,0
247,000001.XSHE,2023-11-22 09:15:46.260,0.0,100,0.0,4,248110,0,250276,2012,0
248,000001.XSHE,2023-11-22 09:15:46.260,0.0,100,0.0,4,248112,0,250277,2012,0
249,000001.XSHE,2023-11-22 09:15:46.280,0.0,100,0.0,4,247690,0,250287,2012,0
250,000001.XSHE,2023-11-22 09:15:46.280,0.0,100,0.0,4,248079,0,250290,2012,0
251,000001.XSHE,2023-11-22 09:15:46.280,0.0,100,0.0,4,248113,0,250291,2012,0
252,000001.XSHE,2023-11-22 09:15:46.280,0.0,100,0.0,4,248077,0,250292,2012,0
253,000001.XSHE,2023-11-22 09:15:46.280,0.0,100,0.0,4,248075,0,250293,2012,0
254,000001.XSHE,2023-11-22 09:15:46.280,0.0,100,0.0,4,248116,0,250294,2012,0
255,000001.XSHE,2023-11-22 09:15:46.280,0.0,100,0.0,4,248117,0,250295,2012,0
256,000001.XSHE,2023-11-22 09:15:46.280,0.0,100,0.0,4,248115,0,250296,2012,0
257,000001.XSHE,2023-11-22 09:15:46.280,0.0,100,0.0,4,248130,0,250297,2012,0
258,000001.XSHE,2023-11-22 09:15:46.280,0.0,100,0.0,4,248133,0,250298,2012,0
259,000001.XSHE,2023-11-22 09:15:46.280,0.0,100,0.0,4,248114,0,250299,2012,0
260,000001.XSHE,2023-11-22 09:15:46.280,0.0,100,0.0,4,248127,0,250300,2012,0
261,000001.XSHE,2023-11-22 09:15:46.280,0.0,100,0.0,4,248129,0,250301,2012,0
262,000001.XSHE,2023-11-22 09:15:46.280,0.0,100,0.0,4,248128,0,250302,2012,0
263,000001.XSHE,2023-11-22 09:15:46.280,0.0,100,0.0,4,248126,0,250303,2012,0
264,000001.XSHE,2023-11-22 09:15:46.290,0.0,100,0.0,4,247703,0,250304,2012,0
265,000001.XSHE,2023-11-22 09:15:46.300,0.0,100,0.0,4,247718,0,250308,2012,0
266,000001.XSHE,2023-11-22 09:15:46.300,0.0,100,0.0,4,247742,0,250311,2012,0
267,000001.XSHE,2023-11-22 09:15:46.350,0.0,100,0.0,4,247736,0,250333,2012,0
268,000001.XSHE,2023-11-22 09:15:46.350,0.0,100,0.0,4,247735,0,250334,2012,0
269,000001.XSHE,2023-11-22 09:15:46.360,0.0,100,0.0,4,247743,0,250335,2012,0
270,000001.XSHE,2023-11-22 09:15:46.360,0.0,100,0.0,4,247468,0,250336,2012,0
271,000001.XSHE,2023-11-22 09:15:46.360,0.0,100,0.0,4,247746,0,250337,2012,0
272,000001.XSHE,2023-11-22 09:15:46.360,0.0,100,0.0,4,247749,0,250338,2012,0
273,000001.XSHE,2023-11-22 09:15:46.360,0.0,100,0.0,4,248184,0,250339,2012,0
274,000001.XSHE,2023-11-22 09:15:46.360,0.0,100,0.0,4,247739,0,250340,2012,0
275,000001.XSHE,2023-11-22 09:15:46.360,0.0,100,0.0,4,247753,0,250341,2012,0
276,000001.XSHE,2023-11-22 09:15:46.360,0.0,100,0.0,4,247748,0,250342,2012,0
277,000001.XSHE,2023-11-22 09:15:46.360,0.0,100,0.0,4,247750,0,250343,2012,0
278,000001.XSHE,2023-11-22 09:15:46.370,0.0,100,0.0,4,247744,0,250347,2012,0
279,000001.XSHE,2023-11-22 09:15:46.440,0.0,100,0.0,4,247800,0,250359,2012,0
280,000001.XSHE,2023-11-22 09:15:46.440,0.0,100,0.0,4,247795,0,250360,2012,0
281,000001.XSHE,2023-11-22 09:15:46.470,0.0,100,0.0,4,247767,0,250365,2012,0
282,000001.XSHE,2023-11-22 09:15:47.600,0.0,100,0.0,4,248435,0,250599,2012,0
283,000001.XSHE,2023-11-22 09:15:47.620,0.0,100,0.0,4,250493,0,250603,2012,0
284,000001.XSHE,2023-11-22 09:15:48.580,0.0,100,0.0,4,243355,0,250808,2012,0
285,000001.XSHE,2023-11-22 09:15:48.590,0.0,100,0.0,4,243359,0,250809,2012,0
286,000001.XSHE,2023-11-22 09:15:48.610,0.0,100,0.0,4,243368,0,250813,2012,0
287,000001.XSHE,2023-11-22 09:15:49.460,0.0,100,0.0,4,248484,0,250975,2012,0
288,000001.XSHE,2023-11-22 09:15:49.480,0.0,100,0.0,4,243388,0,250980,2012,0
289,000001.XSHE,2023-11-22 09:15:49.520,0.0,100,0.0,4,248494,0,250985,2012,0
290,000001.XSHE,2023-11-22 09:15:49.540,0.0,100,0.0,4,243504,0,250987,2012,0
291,000001.XSHE,2023-11-22 09:15:49.570,0.0,100,0.0,4,248550,0,250990,2012,0
292,000001.XSHE,2023-11-22 09:15:49.630,0.0,100,0.0,4,248511,0,251004,2012,0
293,000001.XSHE,2023-11-22 09:15:49.680,0.0,100,0.0,4,243593,0,251014,2012,0
294,000001.XSHE,2023-11-22 09:15:49.680,0.0,100,0.0,4,248514,0,251016,2012,0
295,000001.XSHE,2023-11-22 09:15:49.740,0.0,100,0.0,4,248522,0,251026,2012,0
296,000001.XSHE,2023-11-22 09:15:49.800,0.0,100,0.0,4,248478,0,251041,2012,0
297,000001.XSHE,2023-11-22 09:15:49.850,0.0,100,0.0,4,248489,0,251050,2012,0
298,000001.XSHE,2023-11-22 09:15:49.910,0.0,100,0.0,4,248473,0,251059,2012,0
299,000001.XSHE,2023-11-22 09:15:49.970,0.0,100,0.0,4,248526,0,251072,2012,0
300,000001.XSHE,2023-11-22 09:15:49.980,0.0,100,0.0,4,248482,0,251074,2012,0
301,000001.XSHE,2023-11-22 09:15:50.000,0.0,100,0.0,4,248527,0,251077,2012,0
302,000001.XSHE,2023-11-22 09:15:50.050,0.0,100,0.0,4,248498,0,251089,2012,0
303,000001.XSHE,2023-11-22 09:15:50.090,0.0,100,0.0,4,243697,0,251100,2012,0
304,000001.XSHE,2023-11-22 09:15:50.100,0.0,100,0.0,4,243576,0,251102,2012,0
305,000001.XSHE,2023-11-22 09:15:50.100,0.0,100,0.0,4,243577,0,251103,2012,0
306,000001.XSHE,2023-11-22 09:15:50.100,0.0,100,0.0,4,248507,0,251106,2012,0
307,000001.XSHE,2023-11-22 09:15:50.160,0.0,100,0.0,4,248501,0,251123,2012,0
308,000001.XSHE,2023-11-22 09:15:50.210,0.0,100,0.0,4,248570,0,251136,2012,0
309,000001.XSHE,2023-11-22 09:15:50.270,0.0,100,0.0,4,248543,0,251149,2012,0
310,000001.XSHE,2023-11-22 09:15:50.330,0.0,100,0.0,4,248533,0,251160,2012,0
311,000001.XSHE,2023-11-22 09:15:50.380,0.0,100,0.0,4,248557,0,251191,2012,0
312,000001.XSHE,2023-11-22 09:15:50.620,0.0,100,0.0,4,251113,0,251263,2012,0
313,000001.XSHE,2023-11-22 09:15:53.620,0.0,100,0.0,4,251746,0,251816,2012,0
314,000001.XSHE,2023-11-22 09:15:54.810,0.0,100,0.0,4,249857,0,252011,2012,0
315,000001.XSHE,2023-11-22 09:15:56.620,0.0,100,0.0,4,252257,0,252350,2012,0
316,000001.XSHE,2023-11-22 09:15:57.780,0.0,100,0.0,4,250283,0,252552,2012,0
317,000001.XSHE,2023-11-22 09:15:57.790,0.0,100,0.0,4,250237,0,252554,2012,0
318,000001.XSHE,2023-11-22 09:15:57.790,0.0,100,0.0,4,250285,0,252556,2012,0
319,000001.XSHE,2023-11-22 09:15:57.810,0.0,100,0.0,4,251343,0,252559,2012,0
320,000001.XSHE,2023-11-22 09:15:57.820,0.0,100,0.0,4,250147,0,252562,2012,0
321,000001.XSHE,2023-11-22 09:15:57.830,0.0,100,0.0,4,250144,0,252563,2012,0
322,000001.XSHE,2023-11-22 09:15:57.830,0.0,100,0.0,4,250122,0,252564,2012,0
323,000001.XSHE,2023-11-22 09:15:57.830,0.0,100,0.0,4,250138,0,252566,2012,0
324,000001.XSHE,2023-11-22 09:15:57.830,0.0,100,0.0,4,250135,0,252567,2012,0
325,000001.XSHE,2023-11-22 09:15:57.830,0.0,100,0.0,4,250123,0,252568,2012,0
326,000001.XSHE,2023-11-22 09:15:57.830,0.0,100,0.0,4,250140,0,252569,2012,0
327,000001.XSHE,2023-11-22 09:15:57.830,0.0,100,0.0,4,250145,0,252570,2012,0
328,000001.XSHE,2023-11-22 09:15:57.830,0.0,100,0.0,4,250155,0,252571,2012,0
329,000001.XSHE,2023-11-22 09:15:57.830,0.0,100,0.0,4,250141,0,252572,2012,0
330,000001.XSHE,2023-11-22 09:15:57.840,0.0,100,0.0,4,250139,0,252573,2012,0
331,000001.XSHE,2023-11-22 09:15:57.840,0.0,100,0.0,4,250091,0,252574,2012,0
332,000001.XSHE,2023-11-22 09:15:57.840,0.0,100,0.0,4,250156,0,252577,2012,0
333,000001.XSHE,2023-11-22 09:15:57.840,0.0,100,0.0,4,250194,0,252578,2012,0
334,000001.XSHE,2023-11-22 09:15:57.850,0.0,100,0.0,4,250223,0,252581,2012,0
335,000001.XSHE,2023-11-22 09:15:57.850,0.0,100,0.0,4,249860,0,252583,2012,0
336,000001.XSHE,2023-11-22 09:15:57.850,0.0,100,0.0,4,250121,0,252585,2012,0
337,000001.XSHE,2023-11-22 09:15:57.860,0.0,100,0.0,4,250132,0,252588,2012,0
338,000001.XSHE,2023-11-22 09:15:57.860,0.0,100,0.0,4,250331,0,252589,2012,0
339,000001.XSHE,2023-11-22 09:15:57.860,0.0,100,0.0,4,250286,0,252590,2012,0
340,000001.XSHE,2023-11-22 09:15:57.870,0.0,100,0.0,4,250108,0,252592,2012,0
341,000001.XSHE,2023-11-22 09:15:57.870,0.0,100,0.0,4,250227,0,252593,2012,0
342,000001.XSHE,2023-11-22 09:15:57.870,0.0,100,0.0,4,250228,0,252594,2012,0
343,000001.XSHE,2023-11-22 09:15:57.870,0.0,100,0.0,4,250153,0,252595,2012,0
344,000001.XSHE,2023-11-22 09:15:57.870,0.0,100,0.0,4,250229,0,252596,2012,0
345,000001.XSHE,2023-11-22 09:15:57.870,0.0,100,0.0,4,250106,0,252597,2012,0
346,000001.XSHE,2023-11-22 09:15:57.870,0.0,100,0.0,4,250107,0,252599,2012,0
347,000001.XSHE,2023-11-22 09:15:57.870,0.0,100,0.0,4,250328,0,252600,2012,0
348,000001.XSHE,2023-11-22 09:15:57.870,0.0,100,0.0,4,250146,0,252602,2012,0
349,000001.XSHE,2023-11-22 09:15:57.880,0.0,100,0.0,4,250213,0,252603,2012,0
350,000001.XSHE,2023-11-22 09:15:57.880,0.0,100,0.0,4,250607,0,252604,2012,0
351,000001.XSHE,2023-11-22 09:15:57.880,0.0,100,0.0,4,250326,0,252606,2012,0
352,000001.XSHE,2023-11-22 09:15:57.880,0.0,100,0.0,4,250329,0,252607,2012,0
353,000001.XSHE,2023-11-22 09:15:57.880,0.0,100,0.0,4,250166,0,252608,2012,0
354,000001.XSHE,2023-11-22 09:15:57.890,0.0,100,0.0,4,250187,0,252610,2012,0
355,000001.XSHE,2023-11-22 09:15:57.890,0.0,100,0.0,4,250170,0,252611,2012,0
356,000001.XSHE,2023-11-22 09:15:57.890,0.0,100,0.0,4,250173,0,252612,2012,0
357,000001.XSHE,2023-11-22 09:15:57.890,0.0,100,0.0,4,250188,0,252613,2012,0
358,000001.XSHE,2023-11-22 09:15:57.890,0.0,100,0.0,4,250167,0,252614,2012,0
359,000001.XSHE,2023-11-22 09:15:57.890,0.0,100,0.0,4,250126,0,252615,2012,0
360,000001.XSHE,2023-11-22 09:15:57.890,0.0,100,0.0,4,250330,0,252617,2012,0
361,000001.XSHE,2023-11-22 09:15:57.890,0.0,100,0.0,4,250178,0,252619,2012,0
362,000001.XSHE,2023-11-22 09:15:57.890,0.0,100,0.0,4,250113,0,252620,2012,0
363,000001.XSHE,2023-11-22 09:15:57.890,0.0,100,0.0,4,250157,0,252621,2012,0
364,000001.XSHE,2023-11-22 09:15:57.890,0.0,100,0.0,4,250131,0,252622,2012,0
365,000001.XSHE,2023-11-22 09:15:57.890,0.0,100,0.0,4,250175,0,252623,2012,0
366,000001.XSHE,2023-11-22 09:15:57.890,0.0,100,0.0,4,250168,0,252624,2012,0
367,000001.XSHE,2023-11-22 09:15:57.900,0.0,100,0.0,4,250224,0,252625,2012,0
368,000001.XSHE,2023-11-22 09:15:57.900,0.0,100,0.0,4,250129,0,252626,2012,0
369,000001.XSHE,2023-11-22 09:15:57.900,0.0,100,0.0,4,250127,0,252627,2012,0
370,000001.XSHE,2023-11-22 09:15:57.900,0.0,100,0.0,4,250176,0,252628,2012,0
371,000001.XSHE,2023-11-22 09:15:57.900,0.0,100,0.0,4,250172,0,252629,2012,0
372,000001.XSHE,2023-11-22 09:15:57.900,0.0,100,0.0,4,250136,0,252630,2012,0
373,000001.XSHE,2023-11-22 09:15:57.900,0.0,100,0.0,4,250115,0,252631,2012,0
374,000001.XSHE,2023-11-22 09:15:57.910,0.0,100,0.0,4,250180,0,252632,2012,0
375,000001.XSHE,2023-11-22 09:15:57.910,0.0,100,0.0,4,250198,0,252634,2012,0
376,000001.XSHE,2023-11-22 09:15:57.910,0.0,100,0.0,4,250222,0,252635,2012,0
377,000001.XSHE,2023-11-22 09:15:57.910,0.0,100,0.0,4,250163,0,252636,2012,0
378,000001.XSHE,2023-11-22 09:15:57.910,0.0,100,0.0,4,250165,0,252637,2012,0
379,000001.XSHE,2023-11-22 09:15:57.910,0.0,100,0.0,4,250171,0,252638,2012,0
380,000001.XSHE,2023-11-22 09:15:57.910,0.0,100,0.0,4,250221,0,252640,2012,0
381,000001.XSHE,2023-11-22 09:15:57.910,0.0,100,0.0,4,250214,0,252641,2012,0
382,000001.XSHE,2023-11-22 09:15:57.920,0.0,100,0.0,4,250177,0,252642,2012,0
383,000001.XSHE,2023-11-22 09:15:57.920,0.0,100,0.0,4,250197,0,252643,2012,0
384,000001.XSHE,2023-11-22 09:15:57.920,0.0,100,0.0,4,250151,0,252645,2012,0
385,000001.XSHE,2023-11-22 09:15:57.920,0.0,100,0.0,4,250130,0,252646,2012,0
386,000001.XSHE,2023-11-22 09:15:57.930,0.0,100,0.0,4,250150,0,252648,2012,0
387,000001.XSHE,2023-11-22 09:15:57.930,0.0,100,0.0,4,250190,0,252650,2012,0
388,000001.XSHE,2023-11-22 09:15:57.930,0.0,100,0.0,4,250212,0,252652,2012,0
389,000001.XSHE,2023-11-22 09:15:57.930,0.0,100,0.0,4,250143,0,252653,2012,0
390,000001.XSHE,2023-11-22 09:15:57.940,0.0,100,0.0,4,250225,0,252654,2012,0
391,000001.XSHE,2023-11-22 09:15:57.940,0.0,100,0.0,4,250184,0,252655,2012,0
392,000001.XSHE,2023-11-22 09:15:57.940,0.0,100,0.0,4,250216,0,252656,2012,0
393,000001.XSHE,2023-11-22 09:15:57.940,0.0,100,0.0,4,250133,0,252657,2012,0
394,000001.XSHE,2023-11-22 09:15:57.940,0.0,100,0.0,4,250148,0,252658,2012,0
395,000001.XSHE,2023-11-22 09:15:57.950,0.0,100,0.0,4,250217,0,252659,2012,0
396,000001.XSHE,2023-11-22 09:15:57.950,0.0,100,0.0,4,250288,0,252660,2012,0
397,000001.XSHE,2023-11-22 09:15:57.960,0.0,100,0.0,4,250158,0,252662,2012,0
398,000001.XSHE,2023-11-22 09:15:57.970,0.0,100,0.0,4,250169,0,252663,2012,0
399,000001.XSHE,2023-11-22 09:15:57.970,0.0,100,0.0,4,250160,0,252664,2012,0
400,000001.XSHE,2023-11-22 09:15:57.980,0.0,100,0.0,4,250162,0,252669,2012,0
401,000001.XSHE,2023-11-22 09:15:58.010,0.0,100,0.0,4,250467,0,252675,2012,0
402,000001.XSHE,2023-11-22 09:15:58.010,0.0,100,0.0,4,250466,0,252677,2012,0
403,000001.XSHE,2023-11-22 09:15:58.010,0.0,100,0.0,4,250477,0,252679,2012,0
404,000001.XSHE,2023-11-22 09:15:58.010,0.0,100,0.0,4,250462,0,252681,2012,0
405,000001.XSHE,2023-11-22 09:15:58.010,0.0,100,0.0,4,250465,0,252683,2012,0
406,000001.XSHE,2023-11-22 09:15:58.010,0.0,100,0.0,4,250472,0,252684,2012,0
407,000001.XSHE,2023-11-22 09:15:58.010,0.0,100,0.0,4,250478,0,252685,2012,0
408,000001.XSHE,2023-11-22 09:15:58.020,0.0,100,0.0,4,250473,0,252686,2012,0
409,000001.XSHE,2023-11-22 09:15:58.020,0.0,100,0.0,4,250479,0,252688,2012,0
410,000001.XSHE,2023-11-22 09:15:58.020,0.0,100,0.0,4,250480,0,252689,2012,0
411,000001.XSHE,2023-11-22 09:15:58.020,0.0,100,0.0,4,250486,0,252690,2012,0
412,000001.XSHE,2023-11-22 09:15:58.020,0.0,100,0.0,4,250464,0,252691,2012,0
413,000001.XSHE,2023-11-22 09:15:58.020,0.0,100,0.0,4,250481,0,252692,2012,0
414,000001.XSHE,2023-11-22 09:15:58.020,0.0,100,0.0,4,250380,0,252693,2012,0
415,000001.XSHE,2023-11-22 09:15:58.020,0.0,100,0.0,4,250463,0,252694,2012,0
416,000001.XSHE,2023-11-22 09:15:58.020,0.0,100,0.0,4,250383,0,252695,2012,0
417,000001.XSHE,2023-11-22 09:15:58.020,0.0,100,0.0,4,250375,0,252697,2012,0
418,000001.XSHE,2023-11-22 09:15:58.020,0.0,100,0.0,4,250381,0,252699,2012,0
419,000001.XSHE,2023-11-22 09:15:58.020,0.0,100,0.0,4,250379,0,252700,2012,0
420,000001.XSHE,2023-11-22 09:15:58.020,0.0,100,0.0,4,250185,0,252701,2012,0
421,000001.XSHE,2023-11-22 09:15:58.020,0.0,100,0.0,4,250482,0,252702,2012,0
422,000001.XSHE,2023-11-22 09:15:58.020,0.0,100,0.0,4,250374,0,252703,2012,0
423,000001.XSHE,2023-11-22 09:15:58.030,0.0,100,0.0,4,250186,0,252704,2012,0
424,000001.XSHE,2023-11-22 09:15:58.050,0.0,100,0.0,4,250377,0,252706,2012,0
425,000001.XSHE,2023-11-22 09:15:58.050,0.0,100,0.0,4,250382,0,252709,2012,0
426,000001.XSHE,2023-11-22 09:15:58.060,0.0,100,0.0,4,250202,0,252712,2012,0
427,000001.XSHE,2023-11-22 09:15:58.270,0.0,100,0.0,4,250309,0,252767,2012,0
428,000001.XSHE,2023-11-22 09:15:59.620,0.0,100,0.0,4,252930,0,253059,2012,0
429,000001.XSHE,2023-11-22 09:16:02.270,0.0,100,0.0,4,253640,0,253641,2012,0
430,000001.XSHE,2023-11-22 09:16:02.620,0.0,100,0.0,4,253596,0,253729,2012,0
431,000001.XSHE,2023-11-22 09:16:04.890,0.0,100,0.0,4,254165,0,254185,2012,0
432,000001.XSHE,2023-11-22 09:16:04.890,0.0,100,0.0,4,254167,0,254186,2012,0
433,000001.XSHE,2023-11-22 09:16:04.890,0.0,100,0.0,4,254166,0,254187,2012,0
434,000001.XSHE,2023-11-22 09:16:04.890,0.0,100,0.0,4,254171,0,254188,2012,0
435,000001.XSHE,2023-11-22 09:16:04.900,0.0,100,0.0,4,254164,0,254189,2012,0
436,000001.XSHE,2023-11-22 09:16:04.900,0.0,100,0.0,4,254168,0,254190,2012,0
437,000001.XSHE,2023-11-22 09:16:04.900,0.0,100,0.0,4,254170,0,254191,2012,0
438,000001.XSHE,2023-11-22 09:16:04.900,0.0,100,0.0,4,254169,0,254192,2012,0
439,000001.XSHE,2023-11-22 09:16:05.620,0.0,100,0.0,4,254233,0,254343,2012,0
440,000001.XSHE,2023-11-22 09:16:06.910,0.0,100,0.0,4,254588,0,254622,2012,0
441,000001.XSHE,2023-11-22 09:16:06.960,0.0,100,0.0,4,254613,0,254646,2012,0
442,000001.XSHE,2023-11-22 09:16:07.020,0.0,100,0.0,4,253993,0,254654,2012,0
443,000001.XSHE,2023-11-22 09:16:07.040,0.0,100,0.0,4,253998,0,254657,2012,0
444,000001.XSHE,2023-11-22 09:16:07.040,0.0,100,0.0,4,253997,0,254658,2012,0
445,000001.XSHE,2023-11-22 09:16:08.620,0.0,100,0.0,4,254867,0,254934,2012,0
446,000001.XSHE,2023-11-22 09:16:11.620,0.0,100,0.0,4,255428,0,255542,2012,0
447,000001.XSHE,2023-11-22 09:16:14.620,0.0,100,0.0,4,255957,0,256045,2012,0
448,000001.XSHE,2023-11-22 09:16:15.390,0.0,100,0.0,4,251523,0,256206,2012,0
449,000001.XSHE,2023-11-22 09:16:17.620,0.0,100,0.0,4,256530,0,256634,2012,0
450,000001.XSHE,2023-11-22 09:16:20.170,0.0,100,0.0,4,245129,0,257094,2012,0
451,000001.XSHE,2023-11-22 09:16:20.620,0.0,100,0.0,4,257087,0,257169,2012,0
452,000001.XSHE,2023-11-22 09:16:23.200,0.0,100,0.0,4,253867,0,257712,2012,0
453,000001.XSHE,2023-11-22 09:16:23.620,0.0,100,0.0,4,257697,0,257786,2012,0
454,000001.XSHE,2023-11-22 09:16:26.620,0.0,100,0.0,4,258265,0,258370,2012,0
455,000001.XSHE,2023-11-22 09:16:28.890,0.0,2000,0.0,4,256562,0,258770,2012,0
456,000001.XSHE,2023-11-22 09:16:29.620,0.0,100,0.0,4,258814,0,258910,2012,0
457,000001.XSHE,2023-11-22 09:16:31.370,0.0,100,0.0,4,0,57857,259259,2012,0
458,000001.XSHE,2023-11-22 09:16:32.620,0.0,100,0.0,4,259401,0,259490,2012,0
459,000001.XSHE,2023-11-22 09:16:34.360,0.0,8100,0.0,4,0,254802,259842,2012,0
460,000001.XSHE,2023-11-22 09:16:35.440,0.0,2000,0.0,4,63034,0,260099,2012,0
461,000001.XSHE,2023-11-22 09:16:35.620,0.0,100,0.0,4,260030,0,260137,2012,0
462,000001.XSHE,2023-11-22 09:16:38.620,0.0,100,0.0,4,260659,0,260779,2012,0
463,000001.XSHE,2023-11-22 09:16:41.620,0.0,100,0.0,4,261286,0,261397,2012,0
464,000001.XSHE,2023-11-22 09:16:44.330,0.0,100,0.0,4,261950,0,261961,2012,0
465,000001.XSHE,2023-11-22 09:16:44.620,0.0,100,0.0,4,261916,0,262012,2012,0
466,000001.XSHE,2023-11-22 09:16:44.650,0.0,100,0.0,4,261953,0,262020,2012,0
467,000001.XSHE,2023-11-22 09:16:46.910,0.0,100,0.0,4,253539,0,262534,2012,0
468,000001.XSHE,2023-11-22 09:16:46.910,0.0,100,0.0,4,253533,0,262535,2012,0
469,000001.XSHE,2023-11-22 09:16:46.930,0.0,100,0.0,4,253540,0,262541,2012,0
470,000001.XSHE,2023-11-22 09:16:46.950,0.0,100,0.0,4,253549,0,262548,2012,0
471,000001.XSHE,2023-11-22 09:16:46.960,0.0,100,0.0,4,253543,0,262549,2012,0
472,000001.XSHE,2023-11-22 09:16:47.070,0.0,100,0.0,4,253585,0,262569,2012,0
473,000001.XSHE,2023-11-22 09:16:47.620,0.0,100,0.0,4,262581,0,262690,2012,0
474,000001.XSHE,2023-11-22 09:16:50.620,0.0,100,0.0,4,263246,0,263357,2012,0
475,000001.XSHE,2023-11-22 09:16:53.620,0.0,100,0.0,4,263893,0,264000,2012,0
476,000001.XSHE,2023-11-22 09:16:54.430,0.0,21600,0.0,4,0,260758,264194,2012,0
477,000001.XSHE,2023-11-22 09:16:54.570,0.0,100,0.0,4,263699,0,264231,2012,0
478,000001.XSHE,2023-11-22 09:16:54.760,0.0,100,0.0,4,262042,0,264262,2012,0
479,000001.XSHE,2023-11-22 09:16:56.620,0.0,100,0.0,4,264550,0,264645,2012,0
480,000001.XSHE,2023-11-22 09:16:59.620,0.0,100,0.0,4,265166,0,265284,2012,0
481,000001.XSHE,2023-11-22 09:17:02.620,0.0,100,0.0,4,265773,0,265883,2012,0
482,000001.XSHE,2023-11-22 09:17:05.620,0.0,100,0.0,4,266452,0,266574,2012,0
483,000001.XSHE,2023-11-22 09:17:06.700,0.0,100,0.0,4,266801,0,266826,2012,0
484,000001.XSHE,2023-11-22 09:17:08.620,0.0,100,0.0,4,267141,0,267263,2012,0
485,000001.XSHE,2023-11-22 09:17:11.620,0.0,100,0.0,4,267834,0,267930,2012,0
486,000001.XSHE,2023-11-22 09:17:14.190,0.0,100,0.0,4,264152,0,268504,2012,0
487,000001.XSHE,2023-11-22 09:17:14.630,0.0,100,0.0,4,268486,0,268601,2012,0
488,000001.XSHE,2023-11-22 09:17:15.750,0.0,100,0.0,4,257939,0,268832,2012,0
489,000001.XSHE,2023-11-22 09:17:15.780,0.0,100,0.0,4,260905,0,268837,2012,0
490,000001.XSHE,2023-11-22 09:17:15.810,0.0,100,0.0,4,267638,0,268849,2012,0
491,000001.XSHE,2023-11-22 09:17:17.630,0.0,100,0.0,4,269157,0,269276,2012,0
492,000001.XSHE,2023-11-22 09:17:18.660,0.0,100,0.0,4,269182,0,269488,2012,0
493,000001.XSHE,2023-11-22 09:17:20.630,0.0,100,0.0,4,269838,0,269968,2012,0
494,000001.XSHE,2023-11-22 09:17:23.630,0.0,100,0.0,4,270545,0,270647,2012,0
495,000001.XSHE,2023-11-22 09:17:26.630,0.0,100,0.0,4,271185,0,271310,2012,0
496,000001.XSHE,2023-11-22 09:17:29.630,0.0,100,0.0,4,271898,0,272024,2012,0
497,000001.XSHE,2023-11-22 09:17:30.970,0.0,1400,0.0,4,0,250786,272429,2012,0
498,000001.XSHE,2023-11-22 09:17:32.000,0.0,100,0.0,4,0,271794,272684,2012,0
499,000001.XSHE,2023-11-22 09:17:32.630,0.0,100,0.0,4,272715,0,272830,2012,0
500,000001.XSHE,2023-11-22 09:17:35.630,0.0,100,0.0,4,273460,0,273577,2012,0
501,000001.XSHE,2023-11-22 09:17:38.630,0.0,100,0.0,4,274208,0,274328,2012,0
502,000001.XSHE,2023-11-22 09:17:41.630,0.0,100,0.0,4,274972,0,275100,2012,0
503,000001.XSHE,2023-11-22 09:17:44.350,0.0,100,0.0,4,275725,0,275735,2012,0
504,000001.XSHE,2023-11-22 09:17:44.350,0.0,100,0.0,4,275722,0,275736,2012,0
505,000001.XSHE,2023-11-22 09:17:44.630,0.0,100,0.0,4,275675,0,275803,2012,0
506,000001.XSHE,2023-11-22 09:17:44.710,0.0,100,0.0,4,247872,0,275829,2012,0
507,000001.XSHE,2023-11-22 09:17:44.730,0.0,100,0.0,4,247864,0,275840,2012,0
508,000001.XSHE,2023-11-22 09:17:44.740,0.0,100,0.0,4,247860,0,275845,2012,0
509,000001.XSHE,2023-11-22 09:17:44.740,0.0,100,0.0,4,247886,0,275846,2012,0
510,000001.XSHE,2023-11-22 09:17:44.740,0.0,100,0.0,4,247865,0,275848,2012,0
511,000001.XSHE,2023-11-22 09:17:44.740,0.0,100,0.0,4,247858,0,275850,2012,0
512,000001.XSHE,2023-11-22 09:17:44.750,0.0,100,0.0,4,247861,0,275852,2012,0
513,000001.XSHE,2023-11-22 09:17:44.750,0.0,100,0.0,4,247899,0,275853,2012,0
514,000001.XSHE,2023-11-22 09:17:44.750,0.0,100,0.0,4,247895,0,275856,2012,0
515,000001.XSHE,2023-11-22 09:17:44.750,0.0,100,0.0,4,247898,0,275857,2012,0
516,000001.XSHE,2023-11-22 09:17:44.750,0.0,100,0.0,4,247851,0,275858,2012,0
517,000001.XSHE,2023-11-22 09:17:45.130,0.0,100,0.0,4,247944,0,275939,2012,0
518,000001.XSHE,2023-11-22 09:17:45.130,0.0,100,0.0,4,247959,0,275940,2012,0
519,000001.XSHE,2023-11-22 09:17:45.130,0.0,100,0.0,4,247945,0,275941,2012,0
520,000001.XSHE,2023-11-22 09:17:47.630,0.0,100,0.0,4,276412,0,276541,2012,0
521,000001.XSHE,2023-11-22 09:17:50.630,0.0,100,0.0,4,277104,0,277233,2012,0
522,000001.XSHE,2023-11-22 09:17:51.020,0.0,100,0.0,4,247018,0,277348,2012,0
523,000001.XSHE,2023-11-22 09:17:51.330,0.0,100,0.0,4,247120,0,277428,2012,0
524,000001.XSHE,2023-11-22 09:17:51.370,0.0,100,0.0,4,247056,0,277443,2012,0
525,000001.XSHE,2023-11-22 09:17:51.710,0.0,100,0.0,4,247143,0,277526,2012,0
526,000001.XSHE,2023-11-22 09:17:51.750,0.0,100,0.0,4,247093,0,277532,2012,0
527,000001.XSHE,2023-11-22 09:17:51.760,0.0,100,0.0,4,247081,0,277534,2012,0
528,000001.XSHE,2023-11-22 09:17:52.510,0.0,100,0.0,4,247224,0,277734,2012,0
529,000001.XSHE,2023-11-22 09:17:52.510,0.0,100,0.0,4,247222,0,277735,2012,0
530,000001.XSHE,2023-11-22 09:17:52.510,0.0,100,0.0,4,247223,0,277736,2012,0
531,000001.XSHE,2023-11-22 09:17:52.510,0.0,100,0.0,4,247225,0,277737,2012,0
532,000001.XSHE,2023-11-22 09:17:52.520,0.0,100,0.0,4,247227,0,277738,2012,0
533,000001.XSHE,2023-11-22 09:17:52.530,0.0,100,0.0,4,247209,0,277741,2012,0
534,000001.XSHE,2023-11-22 09:17:53.630,0.0,100,0.0,4,277880,0,278007,2012,0
535,000001.XSHE,2023-11-22 09:17:53.750,0.0,36000,0.0,4,248437,0,278049,2012,0
536,000001.XSHE,2023-11-22 09:17:54.360,0.0,100,0.0,4,275733,0,278208,2012,0
537,000001.XSHE,2023-11-22 09:17:55.060,0.0,3200,0.0,4,252159,0,278365,2012,0
538,000001.XSHE,2023-11-22 09:17:56.370,0.0,1000,0.0,4,0,276796,278691,2012,0
539,000001.XSHE,2023-11-22 09:17:56.630,0.0,100,0.0,4,278623,0,278749,2012,0
540,000001.XSHE,2023-11-22 09:17:59.630,0.0,100,0.0,4,279376,0,279501,2012,0
541,000001.XSHE,2023-11-22 09:18:01.080,0.0,100,0.0,4,461,0,279882,2012,0
542,000001.XSHE,2023-11-22 09:18:10.050,0.0,100,0.0,4,2439,0,282134,2012,0
543,000001.XSHE,2023-11-22 09:18:10.050,0.0,100,0.0,4,2421,0,282135,2012,0
544,000001.XSHE,2023-11-22 09:18:10.050,0.0,100,0.0,4,1012,0,282136,2012,0
545,000001.XSHE,2023-11-22 09:18:10.050,0.0,100,0.0,4,798,0,282137,2012,0
546,000001.XSHE,2023-11-22 09:18:10.050,0.0,100,0.0,4,3483,0,282138,2012,0
547,000001.XSHE,2023-11-22 09:18:10.050,0.0,100,0.0,4,797,0,282139,2012,0
548,000001.XSHE,2023-11-22 09:18:10.050,0.0,100,0.0,4,796,0,282140,2012,0
549,000001.XSHE,2023-11-22 09:18:10.050,0.0,100,0.0,4,3477,0,282141,2012,0
550,000001.XSHE,2023-11-22 09:18:10.050,0.0,100,0.0,4,206,0,282142,2012,0
551,000001.XSHE,2023-11-22 09:18:10.050,0.0,100,0.0,4,3609,0,282144,2012,0
552,000001.XSHE,2023-11-22 09:18:10.050,0.0,100,0.0,4,3611,0,282145,2012,0
553,000001.XSHE,2023-11-22 09:18:10.050,0.0,100,0.0,4,3612,0,282146,2012,0
554,000001.XSHE,2023-11-22 09:18:27.100,0.0,1400,0.0,4,39566,0,286605,2012,0
555,000001.XSHE,2023-11-22 09:18:39.420,0.0,100,0.0,4,274356,0,289882,2012,0
556,000001.XSHE,2023-11-22 09:18:39.460,0.0,100,0.0,4,278057,0,289892,2012,0
557,000001.XSHE,2023-11-22 09:18:39.530,0.0,100,0.0,4,287554,0,289916,2012,0
558,000001.XSHE,2023-11-22 09:18:44.370,0.0,100,0.0,4,291251,0,291271,2012,0
559,000001.XSHE,2023-11-22 09:18:44.370,0.0,100,0.0,4,291250,0,291272,2012,0
560,000001.XSHE,2023-11-22 09:18:54.410,0.0,100,0.0,4,291258,0,294036,2012,0
561,000001.XSHE,2023-11-22 09:18:59.160,0.0,700,0.0,4,222636,0,295429,2012,0
562,000001.XSHE,2023-11-22 09:18:59.480,0.0,100,0.0,4,279500,0,295534,2012,0
563,000001.XSHE,2023-11-22 09:19:00.560,0.0,99900,0.0,4,197912,0,295832,2012,0
564,000001.XSHE,2023-11-22 09:19:03.310,0.0,100,0.0,4,275399,0,296679,2012,0
565,000001.XSHE,2023-11-22 09:19:03.390,0.0,100,0.0,4,275414,0,296697,2012,0
566,000001.XSHE,2023-11-22 09:19:03.940,0.0,98400,0.0,4,118531,0,296845,2012,0
567,000001.XSHE,2023-11-22 09:19:09.510,0.0,1500,0.0,4,0,53359,298476,2012,0
568,000001.XSHE,2023-11-22 09:19:11.420,0.0,1500,0.0,4,0,34646,299077,2012,0
569,000001.XSHE,2023-11-22 09:19:35.570,0.0,500,0.0,4,63458,0,306321,2012,0
570,000001.XSHE,2023-11-22 09:19:38.090,0.0,3100,0.0,4,293699,0,307089,2012,0
571,000001.XSHE,2023-11-22 09:19:39.900,0.0,100,0.0,4,303939,0,307590,2012,0
572,000001.XSHE,2023-11-22 09:25:00.000,10.26,100,1026.0,F,314085,254861,451702,2012,0
573,000001.XSHE,2023-11-22 09:25:00.000,10.26,1900,19494.0,F,314085,305735,451703,2012,0
574,000001.XSHE,2023-11-22 09:25:00.000,10.26,300,3078.0,F,314258,305735,451704,2012,0
575,000001.XSHE,2023-11-22 09:25:00.000,10.26,100,1026.0,F,314258,314329,451705,2012,0
576,000001.XSHE,2023-11-22 09:25:00.000,10.26,500,5130.0,F,314258,351014,451706,2012,0
577,000001.XSHE,2023-11-22 09:25:00.000,10.26,200,2052.0,F,314258,426037,451707,2012,0
578,000001.XSHE,2023-11-22 09:25:00.000,10.26,200,2052.0,F,317247,426037,451708,2012,0
579,000001.XSHE,2023-11-22 09:25:00.000,10.26,100,1026.0,F,374461,426037,451709,2012,0
580,000001.XSHE,2023-11-22 09:25:00.000,10.26,100,1026.0,F,378120,426037,451710,2012,0
581,000001.XSHE,2023-11-22 09:25:00.000,10.26,300,3078.0,F,393879,426037,451711,2012,0
582,000001.XSHE,2023-11-22 09:25:00.000,10.26,200,2052.0,F,403667,426037,451712,2012,0
583,000001.XSHE,2023-11-22 09:25:00.000,10.26,200,2052.0,F,416567,426037,451713,2012,0
584,000001.XSHE,2023-11-22 09:25:00.000,10.26,100,1026.0,F,423519,426037,451714,2012,0
585,000001.XSHE,2023-11-22 09:25:00.000,10.26,100,1026.0,F,431558,426037,451715,2012,0
586,000001.XSHE,2023-11-22 09:25:00.000,10.26,200,2052.0,F,445984,426037,451716,2012,0
587,000001.XSHE,2023-11-22 09:25:00.000,10.26,100,1026.0,F,59796,426037,451717,2012,0
588,000001.XSHE,2023-11-22 09:25:00.000,10.26,1200,12312.0,F,241613,426037,451718,2012,0
589,000001.XSHE,2023-11-22 09:25:00.000,10.26,200,2052.0,F,242957,426037,451719,2012,0
590,000001.XSHE,2023-11-22 09:25:00.000,10.26,100,1026.0,F,242957,314913,451720,2012,0
591,000001.XSHE,2023-11-22 09:25:00.000,10.26,100,1026.0,F,242957,315547,451721,2012,0
592,000001.XSHE,2023-11-22 09:25:00.000,10.26,3100,31806.0,F,242957,315991,451722,2012,0
593,000001.XSHE,2023-11-22 09:25:00.000,10.26,500,5130.0,F,14329,315991,451723,2012,0
594,000001.XSHE,2023-11-22 09:25:00.000,10.26,200,2052.0,F,251172,315991,451724,2012,0
595,000001.XSHE,2023-11-22 09:25:00.000,10.26,100,1026.0,F,154872,315991,451725,2012,0
596,000001.XSHE,2023-11-22 09:25:00.000,10.26,800,8208.0,F,233569,315991,451726,2012,0
597,000001.XSHE,2023-11-22 09:25:00.000,10.26,200,2052.0,F,233577,315991,451727,2012,0
598,000001.XSHE,2023-11-22 09:25:00.000,10.26,600,6156.0,F,295430,315991,451728,2012,0
599,000001.XSHE,2023-11-22 09:25:00.000,10.26,3200,32832.0,F,307639,315991,451729,2012,0
600,000001.XSHE,2023-11-22 09:25:00.000,10.26,2200,22572.0,F,359947,315991,451730,2012,0
601,000001.XSHE,2023-11-22 09:25:00.000,10.26,700,7182.0,F,405051,315991,451731,2012,0
602,000001.XSHE,2023-11-22 09:25:00.000,10.26,300,3078.0,F,433091,315991,451732,2012,0
603,000001.XSHE,2023-11-22 09:25:00.000,10.26,2400,24624.0,F,381401,315991,451733,2012,0
604,000001.XSHE,2023-11-22 09:25:00.000,10.26,500,5130.0,F,403929,315991,451734,2012,0
605,000001.XSHE,2023-11-22 09:25:00.000,10.26,200,2052.0,F,420920,315991,451735,2012,0
606,000001.XSHE,2023-11-22 09:25:00.000,10.26,100,1026.0,F,430769,315991,451736,2012,0
607,000001.XSHE,2023-11-22 09:25:00.000,10.26,100,1026.0,F,437937,315991,451737,2012,0
608,000001.XSHE,2023-11-22 09:25:00.000,10.26,3000,30780.0,F,273128,315991,451738,2012,0
609,000001.XSHE,2023-11-22 09:25:00.000,10.26,4100,42066.0,F,314848,315991,451739,2012,0
610,000001.XSHE,2023-11-22 09:25:00.000,10.26,4100,42066.0,F,314991,315991,451740,2012,0
611,000001.XSHE,2023-11-22 09:25:00.000,10.26,200,2052.0,F,317203,315991,451741,2012,0
612,000001.XSHE,2023-11-22 09:25:00.000,10.26,200,2052.0,F,317233,315991,451742,2012,0
613,000001.XSHE,2023-11-22 09:25:00.000,10.26,100,1026.0,F,343012,315991,451743,2012,0
614,000001.XSHE,2023-11-22 09:25:00.000,10.26,100,1026.0,F,343041,315991,451744,2012,0
615,000001.XSHE,2023-11-22 09:25:00.000,10.26,100,1026.0,F,374402,315991,451745,2012,0
616,000001.XSHE,2023-11-22 09:25:00.000,10.26,100,1026.0,F,374470,315991,451746,2012,0
617,000001.XSHE,2023-11-22 09:25:00.000,10.26,200,2052.0,F,378044,315991,451747,2012,0
618,000001.XSHE,2023-11-22 09:25:00.000,10.26,200,2052.0,F,378094,315991,451748,2012,0
619,000001.XSHE,2023-11-22 09:25:00.000,10.26,100,1026.0,F,381797,315991,451749,2012,0
620,000001.XSHE,2023-11-22 09:25:00.000,10.26,100,1026.0,F,381820,315991,451750,2012,0
621,000001.XSHE,2023-11-22 09:25:00.000,10.26,500,5130.0,F,393799,315991,451751,2012,0
622,000001.XSHE,2023-11-22 09:25:00.000,10.26,500,5130.0,F,393843,315991,451752,2012,0
623,000001.XSHE,2023-11-22 09:25:00.000,10.26,500,5130.0,F,403560,315991,451753,2012,0
624,000001.XSHE,2023-11-22 09:25:00.000,10.26,500,5130.0,F,403592,315991,451754,2012,0
625,000001.XSHE,2023-11-22 09:25:00.000,10.26,300,3078.0,F,416415,315991,451755,2012,0
626,000001.XSHE,2023-11-22 09:25:00.000,10.26,300,3078.0,F,416514,315991,451756,2012,0
627,000001.XSHE,2023-11-22 09:25:00.000,10.26,200,2052.0,F,423397,315991,451757,2012,0
628,000001.XSHE,2023-11-22 09:25:00.000,10.26,100,1026.0,F,423443,359969,451758,2012,0
629,000001.XSHE,2023-11-22 09:25:00.000,10.26,100,1026.0,F,423443,396475,451759,2012,0
630,000001.XSHE,2023-11-22 09:25:00.000,10.26,200,2052.0,F,431412,396475,451760,2012,0
631,000001.XSHE,2023-11-22 09:25:00.000,10.26,200,2052.0,F,431469,396475,451761,2012,0
632,000001.XSHE,2023-11-22 09:25:00.000,10.26,3100,31806.0,F,443021,396475,451762,2012,0
633,000001.XSHE,2023-11-22 09:25:00.000,10.26,400,4104.0,F,445685,396475,451763,2012,0
634,000001.XSHE,2023-11-22 09:25:00.000,10.26,400,4104.0,F,445842,396475,451764,2012,0
635,000001.XSHE,2023-11-22 09:25:00.000,10.26,200,2052.0,F,406401,396475,451765,2012,0
636,000001.XSHE,2023-11-22 09:25:00.000,10.26,300,3078.0,F,410728,396475,451766,2012,0
637,000001.XSHE,2023-11-22 09:25:00.000,10.26,300,3078.0,F,51099,396475,451767,2012,0
638,000001.XSHE,2023-11-22 09:25:00.000,10.26,900,9234.0,F,127693,396475,451768,2012,0
639,000001.XSHE,2023-11-22 09:25:00.000,10.26,900,9234.0,F,16687,396475,451769,2012,0
640,000001.XSHE,2023-11-22 09:25:00.000,10.26,600,6156.0,F,316454,396475,451770,2012,0
641,000001.XSHE,2023-11-22 09:25:00.000,10.26,1500,15390.0,F,25083,396475,451771,2012,0
642,000001.XSHE,2023-11-22 09:25:00.000,10.26,500,5130.0,F,26936,396475,451772,2012,0
643,000001.XSHE,2023-11-22 09:25:00.000,10.26,200,2052.0,F,44645,399630,451773,2012,0
644,000001.XSHE,2023-11-22 09:25:00.000,10.26,100,1026.0,F,48659,407145,451774,2012,0
645,000001.XSHE,2023-11-22 09:25:00.000,10.26,400,4104.0,F,105385,407145,451775,2012,0
646,000001.XSHE,2023-11-22 09:25:00.000,10.26,91,933.66,F,110589,439165,451776,2012,0
647,000001.XSHE,2023-11-22 09:25:00.000,10.26,909,9326.34,F,110589,123053,451777,2012,0
648,000001.XSHE,2023-11-22 09:25:00.000,10.26,1000,10260.0,F,115077,123053,451778,2012,0
649,000001.XSHE,2023-11-22 09:25:00.000,10.26,191,1959.66,F,125233,123053,451779,2012,0
650,000001.XSHE,2023-11-22 09:25:00.000,10.26,1809,18560.34,F,125233,276122,451780,2012,0
651,000001.XSHE,2023-11-22 09:25:00.000,10.26,100,1026.0,F,151475,276122,451781,2012,0
652,000001.XSHE,2023-11-22 09:25:00.000,10.26,100,1026.0,F,157880,276122,451782,2012,0
653,000001.XSHE,2023-11-22 09:25:00.000,10.26,991,10167.66,F,165409,276122,451783,2012,0
654,000001.XSHE,2023-11-22 09:25:00.000,10.26,9500,97470.0,F,165409,399355,451784,2012,0
655,000001.XSHE,2023-11-22 09:25:00.000,10.26,9500,97470.0,F,165409,443692,451785,2012,0
656,000001.XSHE,2023-11-22 09:25:00.000,10.26,9,92.34,F,165409,314882,451786,2012,0
657,000001.XSHE,2023-11-22 09:25:00.000,10.26,91,933.66,F,168123,314882,451787,2012,0
658,000001.XSHE,2023-11-22 09:25:00.000,10.26,1200,12312.0,F,168123,367496,451788,2012,0
659,000001.XSHE,2023-11-22 09:25:00.000,10.26,4009,41132.34,F,168123,266663,451789,2012,0
660,000001.XSHE,2023-11-22 09:25:00.000,10.26,500,5130.0,F,174978,266663,451790,2012,0
661,000001.XSHE,2023-11-22 09:25:00.000,10.26,2191,22479.66,F,184097,266663,451791,2012,0
662,000001.XSHE,2023-11-22 09:25:00.000,10.26,909,9326.34,F,184097,358058,451792,2012,0
663,000001.XSHE,2023-11-22 09:25:00.000,10.26,600,6156.0,F,216445,358058,451793,2012,0
664,000001.XSHE,2023-11-22 09:25:00.000,10.26,200,2052.0,F,221025,358058,451794,2012,0
665,000001.XSHE,2023-11-22 09:25:00.000,10.26,200,2052.0,F,240102,358058,451795,2012,0
666,000001.XSHE,2023-11-22 09:25:00.000,10.26,200,2052.0,F,328897,358058,451796,2012,0
667,000001.XSHE,2023-11-22 09:25:00.000,10.26,100,1026.0,F,371176,358058,451797,2012,0
668,000001.XSHE,2023-11-22 09:25:00.000,10.26,100,1026.0,F,22524,358058,451798,2012,0
669,000001.XSHE,2023-11-22 09:25:00.000,10.26,1100,11286.0,F,23194,358058,451799,2012,0
670,000001.XSHE,2023-11-22 09:25:00.000,10.26,200,2052.0,F,57717,358058,451800,2012,0
671,000001.XSHE,2023-11-22 09:25:00.000,10.26,391,4011.66,F,67321,358058,451801,2012,0
672,000001.XSHE,2023-11-22 09:25:00.000,10.26,609,6248.34,F,67321,393452,451802,2012,0
673,000001.XSHE,2023-11-22 09:25:00.000,10.26,500,5130.0,F,87651,393452,451803,2012,0
674,000001.XSHE,2023-11-22 09:25:00.000,10.26,200,2052.0,F,104888,393452,451804,2012,0
675,000001.XSHE,2023-11-22 09:25:00.000,10.26,500,5130.0,F,105573,393452,451805,2012,0
676,000001.XSHE,2023-11-22 09:25:00.000,10.26,191,1959.66,F,112260,393452,451806,2012,0
677,000001.XSHE,2023-11-22 09:25:00.000,10.26,1800,18468.0,F,112260,410356,451807,2012,0
678,000001.XSHE,2023-11-22 09:25:00.000,10.26,2400,24624.0,F,112260,411854,451808,2012,0
679,000001.XSHE,2023-11-22 09:25:00.000,10.26,509,5222.34,F,112260,441642,451809,2012,0
680,000001.XSHE,2023-11-22 09:25:00.000,10.26,400,4104.0,F,113657,441642,451810,2012,0
681,000001.XSHE,2023-11-22 09:25:00.000,10.26,491,5037.66,F,122227,441642,451811,2012,0
682,000001.XSHE,2023-11-22 09:25:00.000,10.26,900,9234.0,F,122227,410611,451812,2012,0
683,000001.XSHE,2023-11-22 09:25:00.000,10.26,2600,26676.0,F,122227,428043,451813,2012,0
684,000001.XSHE,2023-11-22 09:25:00.000,10.26,9,92.34,F,122227,413555,451814,2012,0
685,000001.XSHE,2023-11-22 09:25:00.000,10.26,100,1026.0,F,134492,413555,451815,2012,0
686,000001.XSHE,2023-11-22 09:25:00.000,10.26,100,1026.0,F,148979,413555,451816,2012,0
687,000001.XSHE,2023-11-22 09:25:00.000,10.26,200,2052.0,F,151480,413555,451817,2012,0
688,000001.XSHE,2023-11-22 09:25:00.000,10.26,100,1026.0,F,153130,413555,451818,2012,0
689,000001.XSHE,2023-11-22 09:25:00.000,10.26,700,7182.0,F,157466,413555,451819,2012,0
690,000001.XSHE,2023-11-22 09:25:00.000,10.26,791,8115.66,F,161876,413555,451820,2012,0
691,000001.XSHE,2023-11-22 09:25:00.000,10.26,1209,12404.34,F,161876,431211,451821,2012,0
692,000001.XSHE,2023-11-22 09:25:00.000,10.26,200,2052.0,F,170288,431211,451822,2012,0
693,000001.XSHE,2023-11-22 09:25:00.000,10.26,100,1026.0,F,177713,431211,451823,2012,0
694,000001.XSHE,2023-11-22 09:25:00.000,10.26,14391,147651.66,F,181758,431211,451824,2012,0
695,000001.XSHE,2023-11-22 09:25:00.000,10.26,5000,51300.0,F,181758,342948,451825,2012,0
696,000001.XSHE,2023-11-22 09:25:00.000,10.26,2409,24716.34,F,181758,373773,451826,2012,0
697,000001.XSHE,2023-11-22 09:25:00.000,10.26,1000,10260.0,F,183458,373773,451827,2012,0
698,000001.XSHE,2023-11-22 09:25:00.000,10.26,391,4011.66,F,193186,373773,451828,2012,0
699,000001.XSHE,2023-11-22 09:25:00.000,10.26,509,5222.34,F,193186,449617,451829,2012,0
700,000001.XSHE,2023-11-22 09:25:00.000,10.26,300,3078.0,F,215534,449617,451830,2012,0
701,000001.XSHE,2023-11-22 09:25:00.000,10.26,3000,30780.0,F,217225,449617,451831,2012,0
702,000001.XSHE,2023-11-22 09:25:00.000,10.26,100,1026.0,F,253498,449617,451832,2012,0
703,000001.XSHE,2023-11-22 09:25:00.000,10.26,100,1026.0,F,253499,449617,451833,2012,0
704,000001.XSHE,2023-11-22 09:25:00.000,10.26,100,1026.0,F,253500,449617,451834,2012,0
705,000001.XSHE,2023-11-22 09:25:00.000,10.26,10391,106611.66,F,257413,449617,451835,2012,0
706,000001.XSHE,2023-11-22 09:25:00.000,10.26,10000,102600.0,F,257413,372522,451836,2012,0
707,000001.XSHE,2023-11-22 09:25:00.000,10.26,10709,109874.34,F,257413,384584,451837,2012,0
708,000001.XSHE,2023-11-22 09:25:00.000,10.26,3491,35817.66,F,260429,384584,451838,2012,0
709,000001.XSHE,2023-11-22 09:25:00.000,10.26,15000,153900.0,F,260429,432421,451839,2012,0
710,000001.XSHE,2023-11-22 09:25:00.000,10.26,500,5130.0,F,260429,361624,451840,2012,0
711,000001.XSHE,2023-11-22 09:25:00.000,10.26,6400,65664.0,F,260429,364017,451841,2012,0
712,000001.XSHE,2023-11-22 09:25:00.000,10.26,1500,15390.0,F,260429,407106,451842,2012,0
713,000001.XSHE,2023-11-22 09:25:00.000,10.26,1000,10260.0,F,260429,410837,451843,2012,0
714,000001.XSHE,2023-11-22 09:25:00.000,10.26,1000,10260.0,F,260429,434329,451844,2012,0
715,000001.XSHE,2023-11-22 09:25:00.000,10.26,10209,104744.34,F,260429,436801,451845,2012,0
716,000001.XSHE,2023-11-22 09:25:00.000,10.26,2000,20520.0,F,264184,436801,451846,2012,0
717,000001.XSHE,2023-11-22 09:25:00.000,10.26,23100,237006.0,F,264687,436801,451847,2012,0
718,000001.XSHE,2023-11-22 09:25:00.000,10.26,100,1026.0,F,265561,436801,451848,2012,0
719,000001.XSHE,2023-11-22 09:25:00.000,10.26,100,1026.0,F,265669,436801,451849,2012,0
720,000001.XSHE,2023-11-22 09:25:00.000,10.26,100,1026.0,F,265670,436801,451850,2012,0
721,000001.XSHE,2023-11-22 09:25:00.000,10.26,100,1026.0,F,265672,436801,451851,2012,0
722,000001.XSHE,2023-11-22 09:25:00.000,10.26,3491,35817.66,F,270663,436801,451852,2012,0
723,000001.XSHE,2023-11-22 09:25:00.000,10.26,900,9234.0,F,270663,449965,451853,2012,0
724,000001.XSHE,2023-11-22 09:25:00.000,10.26,1000,10260.0,F,270663,106087,451854,2012,0
725,000001.XSHE,2023-11-22 09:25:00.000,10.26,5309,54470.34,F,270663,283146,451855,2012,0
726,000001.XSHE,2023-11-22 09:25:00.000,10.26,500,5130.0,F,272598,283146,451856,2012,0
727,000001.XSHE,2023-11-22 09:25:00.000,10.26,100,1026.0,F,280024,283146,451857,2012,0
728,000001.XSHE,2023-11-22 09:25:00.000,10.26,100,1026.0,F,280025,283146,451858,2012,0
729,000001.XSHE,2023-11-22 09:25:00.000,10.26,100,1026.0,F,280030,283146,451859,2012,0
730,000001.XSHE,2023-11-22 09:25:00.000,10.26,100,1026.0,F,296143,283146,451860,2012,0
731,000001.XSHE,2023-11-22 09:25:00.000,10.26,100,1026.0,F,296145,283146,451861,2012,0
732,000001.XSHE,2023-11-22 09:25:00.000,10.26,100,1026.0,F,296146,283146,451862,2012,0
733,000001.XSHE,2023-11-22 09:25:00.000,10.26,500,5130.0,F,310559,283146,451863,2012,0
734,000001.XSHE,2023-11-22 09:25:00.000,10.26,100,1026.0,F,314630,283146,451864,2012,0
735,000001.XSHE,2023-11-22 09:25:00.000,10.26,100,1026.0,F,314631,283146,451865,2012,0
736,000001.XSHE,2023-11-22 09:25:00.000,10.26,100,1026.0,F,314636,283146,451866,2012,0
737,000001.XSHE,2023-11-22 09:25:00.000,10.26,500,5130.0,F,317035,283146,451867,2012,0
738,000001.XSHE,2023-11-22 09:25:00.000,10.26,1900,19494.0,F,326436,283146,451868,2012,0
739,000001.XSHE,2023-11-22 09:25:00.000,10.26,100,1026.0,F,331488,283146,451869,2012,0
740,000001.XSHE,2023-11-22 09:25:00.000,10.26,100,1026.0,F,331489,283146,451870,2012,0
741,000001.XSHE,2023-11-22 09:25:00.000,10.26,100,1026.0,F,331497,283146,451871,2012,0
742,000001.XSHE,2023-11-22 09:25:00.000,10.26,500,5130.0,F,341885,283146,451872,2012,0
743,000001.XSHE,2023-11-22 09:25:00.000,10.26,100,1026.0,F,347367,283146,451873,2012,0
744,000001.XSHE,2023-11-22 09:25:00.000,10.26,100,1026.0,F,349980,283146,451874,2012,0
745,000001.XSHE,2023-11-22 09:25:00.000,10.26,100,1026.0,F,349981,283146,451875,2012,0
746,000001.XSHE,2023-11-22 09:25:00.000,10.26,100,1026.0,F,349984,283146,451876,2012,0
747,000001.XSHE,2023-11-22 09:25:00.000,10.26,1300,13338.0,F,351316,283146,451877,2012,0
748,000001.XSHE,2023-11-22 09:25:00.000,10.26,200,2052.0,F,356082,283146,451878,2012,0
749,000001.XSHE,2023-11-22 09:25:00.000,10.26,300,3078.0,F,369175,283146,451879,2012,0
750,000001.XSHE,2023-11-22 09:25:00.000,10.26,100,1026.0,F,371145,283146,451880,2012,0
751,000001.XSHE,2023-11-22 09:25:00.000,10.26,100,1026.0,F,371220,283146,451881,2012,0
752,000001.XSHE,2023-11-22 09:25:00.000,10.26,100,1026.0,F,371221,283146,451882,2012,0
753,000001.XSHE,2023-11-22 09:25:00.000,10.26,100,1026.0,F,371223,283146,451883,2012,0
754,000001.XSHE,2023-11-22 09:25:00.000,10.26,1900,19494.0,F,375511,283146,451884,2012,0
755,000001.XSHE,2023-11-22 09:25:00.000,10.26,100,1026.0,F,379294,283146,451885,2012,0
756,000001.XSHE,2023-11-22 09:25:00.000,10.26,100,1026.0,F,399217,283146,451886,2012,0
757,000001.XSHE,2023-11-22 09:25:00.000,10.26,2400,24624.0,F,412700,283146,451887,2012,0
758,000001.XSHE,2023-11-22 09:25:00.000,10.26,2491,25557.66,F,142968,283146,451888,2012,0
759,000001.XSHE,2023-11-22 09:25:00.000,10.26,2000,20520.0,F,142968,316858,451889,2012,0
760,000001.XSHE,2023-11-22 09:25:00.000,10.26,5609,57548.34,F,142968,321651,451890,2012,0
761,000001.XSHE,2023-11-22 09:25:00.000,10.26,100,1026.0,F,265384,321651,451891,2012,0
762,000001.XSHE,2023-11-22 09:25:00.000,10.26,100,1026.0,F,370703,321651,451892,2012,0
763,000001.XSHE,2023-11-22 09:25:00.000,10.26,1500,15390.0,F,384878,321651,451893,2012,0
764,000001.XSHE,2023-11-22 09:25:00.000,10.26,8791,90195.66,F,390450,321651,451894,2012,0
765,000001.XSHE,2023-11-22 09:25:00.000,10.26,1209,12404.34,F,390450,352964,451895,2012,0
766,000001.XSHE,2023-11-22 09:25:00.000,10.26,4791,49155.66,F,390840,352964,451896,2012,0
767,000001.XSHE,2023-11-22 09:25:00.000,10.26,10709,109874.34,F,390840,365845,451897,2012,0
768,000001.XSHE,2023-11-22 09:25:00.000,10.26,100,1026.0,F,397156,365845,451898,2012,0
769,000001.XSHE,2023-11-22 09:25:00.000,10.26,100,1026.0,F,397157,365845,451899,2012,0
770,000001.XSHE,2023-11-22 09:25:00.000,10.26,100,1026.0,F,397158,365845,451900,2012,0
771,000001.XSHE,2023-11-22 09:25:00.000,10.26,991,10167.66,F,398881,365845,451901,2012,0
772,000001.XSHE,2023-11-22 09:25:00.000,10.26,709,7274.34,F,398881,366999,451902,2012,0
773,000001.XSHE,2023-11-22 09:25:00.000,10.26,7191,73779.66,F,402388,366999,451903,2012,0
774,000001.XSHE,2023-11-22 09:25:00.000,10.26,2000,20520.0,F,402388,368725,451904,2012,0
775,000001.XSHE,2023-11-22 09:25:00.000,10.26,6400,65664.0,F,402388,375028,451905,2012,0
776,000001.XSHE,2023-11-22 09:25:00.000,10.26,4009,41132.34,F,402388,377054,451906,2012,0
777,000001.XSHE,2023-11-22 09:25:00.000,10.26,11600,119016.0,F,412194,377054,451907,2012,0
778,000001.XSHE,2023-11-22 09:25:00.000,10.26,200,2052.0,F,415643,377054,451908,2012,0
779,000001.XSHE,2023-11-22 09:25:00.000,10.26,2100,21546.0,F,417312,377054,451909,2012,0
780,000001.XSHE,2023-11-22 09:25:00.000,10.26,2091,21453.66,F,417656,377054,451910,2012,0
781,000001.XSHE,2023-11-22 09:25:00.000,10.26,909,9326.34,F,417656,382711,451911,2012,0
782,000001.XSHE,2023-11-22 09:25:00.000,10.26,2091,21453.66,F,421225,382711,451912,2012,0
783,000001.XSHE,2023-11-22 09:25:00.000,10.26,2909,29846.34,F,421225,383299,451913,2012,0
784,000001.XSHE,2023-11-22 09:25:00.000,10.26,5400,55404.0,F,428229,383299,451914,2012,0
785,000001.XSHE,2023-11-22 09:25:00.000,10.26,400,4104.0,F,445938,383299,451915,2012,0
786,000001.XSHE,2023-11-22 09:25:00.000,10.26,2800,28728.0,F,448347,383299,451916,2012,0
787,000001.XSHE,2023-11-22 09:25:00.000,10.26,500,5130.0,F,31660,383299,451917,2012,0
788,000001.XSHE,2023-11-22 09:25:00.000,10.26,1100,11286.0,F,35694,383299,451918,2012,0
789,000001.XSHE,2023-11-22 09:25:00.000,10.26,100,1026.0,F,44729,383299,451919,2012,0
790,000001.XSHE,2023-11-22 09:25:00.000,10.26,4100,42066.0,F,108198,383299,451920,2012,0
791,000001.XSHE,2023-11-22 09:25:00.000,10.26,200,2052.0,F,128095,383299,451921,2012,0
792,000001.XSHE,2023-11-22 09:25:00.000,10.26,2700,27702.0,F,146218,383299,451922,2012,0
793,000001.XSHE,2023-11-22 09:25:00.000,10.26,4000,41040.0,F,197707,383299,451923,2012,0
794,000001.XSHE,2023-11-22 09:25:00.000,10.26,4500,46170.0,F,318724,383299,451924,2012,0
795,000001.XSHE,2023-11-22 09:25:00.000,10.26,200,2052.0,F,336721,383299,451925,2012,0
796,000001.XSHE,2023-11-22 09:25:00.000,10.26,1000,10260.0,F,340877,383299,451926,2012,0
797,000001.XSHE,2023-11-22 09:25:00.000,10.26,1000,10260.0,F,358623,383299,451927,2012,0
